/*
SQLyog Ultimate v12.09 (64 bit)
MySQL - 5.5.53 : Database - dormitory
*********************************************************************
*/

/*!40101 SET NAMES utf8 */;

/*!40101 SET SQL_MODE=''*/;

/*!40014 SET @OLD_UNIQUE_CHECKS=@@UNIQUE_CHECKS, UNIQUE_CHECKS=0 */;
/*!40014 SET @OLD_FOREIGN_KEY_CHECKS=@@FOREIGN_KEY_CHECKS, FOREIGN_KEY_CHECKS=0 */;
/*!40101 SET @OLD_SQL_MODE=@@SQL_MODE, SQL_MODE='NO_AUTO_VALUE_ON_ZERO' */;
/*!40111 SET @OLD_SQL_NOTES=@@SQL_NOTES, SQL_NOTES=0 */;
CREATE DATABASE /*!32312 IF NOT EXISTS*/`dormitory` /*!40100 DEFAULT CHARACTER SET utf8 */;

USE `dormitory`;

/*Table structure for table `tb_absence` */

CREATE TABLE `tb_absence` (
  `id` int(11) NOT NULL AUTO_INCREMENT,
  `student_id` int(11) DEFAULT NULL,
  `dormitory_id` int(11) DEFAULT NULL,
  `start_time` date DEFAULT NULL,
  `end_time` date DEFAULT NULL,
  `remark` varchar(200) DEFAULT NULL,
  PRIMARY KEY (`id`) USING BTREE
) ENGINE=InnoDB AUTO_INCREMENT=2 DEFAULT CHARSET=utf8 ROW_FORMAT=DYNAMIC;

/*Data for the table `tb_absence` */

insert  into `tb_absence`(`id`,`student_id`,`dormitory_id`,`start_time`,`end_time`,`remark`) values (1,4,228,'2021-03-31','2021-04-01','');

/*Table structure for table `tb_bed` */

CREATE TABLE `tb_bed` (
  `id` int(11) NOT NULL AUTO_INCREMENT,
  `bno` varchar(50) DEFAULT NULL,
  `dormitory_id` int(11) DEFAULT NULL,
  PRIMARY KEY (`id`) USING BTREE
) ENGINE=InnoDB AUTO_INCREMENT=2442 DEFAULT CHARSET=utf8 ROW_FORMAT=DYNAMIC;

/*Data for the table `tb_bed` */

insert  into `tb_bed`(`id`,`bno`,`dormitory_id`) values (762,'A1-1',188),(763,'A1-2',188),(764,'A1-3',188),(765,'A1-4',188),(766,'A1-5',188),(767,'A1-6',188),(768,'A2-1',189),(769,'A2-2',189),(770,'A2-3',189),(771,'A2-4',189),(772,'A2-5',189),(773,'A2-6',189),(774,'A3-1',190),(775,'A3-2',190),(776,'A3-3',190),(777,'A3-4',190),(778,'A3-5',190),(779,'A3-6',190),(780,'A4-1',191),(781,'A4-2',191),(782,'A4-3',191),(783,'A4-4',191),(784,'A4-5',191),(785,'A4-6',191),(786,'A5-1',192),(787,'A5-2',192),(788,'A5-3',192),(789,'A5-4',192),(790,'A5-5',192),(791,'A5-6',192),(792,'A6-1',193),(793,'A6-2',193),(794,'A6-3',193),(795,'A6-4',193),(796,'A6-5',193),(797,'A6-6',193),(798,'A7-1',194),(799,'A7-2',194),(800,'A7-3',194),(801,'A7-4',194),(802,'A7-5',194),(803,'A7-6',194),(804,'A8-1',195),(805,'A8-2',195),(806,'A8-3',195),(807,'A8-4',195),(808,'A8-5',195),(809,'A8-6',195),(810,'A9-1',196),(811,'A9-2',196),(812,'A9-3',196),(813,'A9-4',196),(814,'A9-5',196),(815,'A9-6',196),(816,'A10-1',197),(817,'A10-2',197),(818,'A10-3',197),(819,'A10-4',197),(820,'A10-5',197),(821,'A10-6',197),(822,'B1-1',198),(823,'B1-2',198),(824,'B1-3',198),(825,'B1-4',198),(826,'B1-5',198),(827,'B1-6',198),(828,'B2-1',199),(829,'B2-2',199),(830,'B2-3',199),(831,'B2-4',199),(832,'B2-5',199),(833,'B2-6',199),(834,'B3-1',200),(835,'B3-2',200),(836,'B3-3',200),(837,'B3-4',200),(838,'B3-5',200),(839,'B3-6',200),(840,'B4-1',201),(841,'B4-2',201),(842,'B4-3',201),(843,'B4-4',201),(844,'B4-5',201),(845,'B4-6',201),(846,'B5-1',202),(847,'B5-2',202),(848,'B5-3',202),(849,'B5-4',202),(850,'B5-5',202),(851,'B5-6',202),(852,'B6-1',203),(853,'B6-2',203),(854,'B6-3',203),(855,'B6-4',203),(856,'B6-5',203),(857,'B6-6',203),(858,'B7-1',204),(859,'B7-2',204),(860,'B7-3',204),(861,'B7-4',204),(862,'B7-5',204),(863,'B7-6',204),(864,'B8-1',205),(865,'B8-2',205),(866,'B8-3',205),(867,'B8-4',205),(868,'B8-5',205),(869,'B8-6',205),(870,'B9-1',206),(871,'B9-2',206),(872,'B9-3',206),(873,'B9-4',206),(874,'B9-5',206),(875,'B9-6',206),(876,'B10-1',207),(877,'B10-2',207),(878,'B10-3',207),(879,'B10-4',207),(880,'B10-5',207),(881,'B10-6',207),(882,'A201-1',208),(883,'A201-2',208),(884,'A201-3',208),(885,'A201-4',208),(886,'A201-5',208),(887,'A201-6',208),(888,'A202-1',209),(889,'A202-2',209),(890,'A202-3',209),(891,'A202-4',209),(892,'A202-5',209),(893,'A202-6',209),(894,'A203-1',210),(895,'A203-2',210),(896,'A203-3',210),(897,'A203-4',210),(898,'A203-5',210),(899,'A203-6',210),(900,'A204-1',211),(901,'A204-2',211),(902,'A204-3',211),(903,'A204-4',211),(904,'A204-5',211),(905,'A204-6',211),(906,'A205-1',212),(907,'A205-2',212),(908,'A205-3',212),(909,'A205-4',212),(910,'A205-5',212),(911,'A205-6',212),(912,'A206-1',213),(913,'A206-2',213),(914,'A206-3',213),(915,'A206-4',213),(916,'A206-5',213),(917,'A206-6',213),(918,'A207-1',214),(919,'A207-2',214),(920,'A207-3',214),(921,'A207-4',214),(922,'A207-5',214),(923,'A207-6',214),(924,'A208-1',215),(925,'A208-2',215),(926,'A208-3',215),(927,'A208-4',215),(928,'A208-5',215),(929,'A208-6',215),(930,'A209-1',216),(931,'A209-2',216),(932,'A209-3',216),(933,'A209-4',216),(934,'A209-5',216),(935,'A209-6',216),(936,'A210-1',217),(937,'A210-2',217),(938,'A210-3',217),(939,'A210-4',217),(940,'A210-5',217),(941,'A210-6',217),(942,'A211-1',218),(943,'A211-2',218),(944,'A211-3',218),(945,'A211-4',218),(946,'A211-5',218),(947,'A211-6',218),(948,'A212-1',219),(949,'A212-2',219),(950,'A212-3',219),(951,'A212-4',219),(952,'A212-5',219),(953,'A212-6',219),(954,'A213-1',220),(955,'A213-2',220),(956,'A213-3',220),(957,'A213-4',220),(958,'A213-5',220),(959,'A213-6',220),(960,'A214-1',221),(961,'A214-2',221),(962,'A214-3',221),(963,'A214-4',221),(964,'A214-5',221),(965,'A214-6',221),(966,'A215-1',222),(967,'A215-2',222),(968,'A215-3',222),(969,'A215-4',222),(970,'A215-5',222),(971,'A215-6',222),(972,'A216-1',223),(973,'A216-2',223),(974,'A216-3',223),(975,'A216-4',223),(976,'A216-5',223),(977,'A216-6',223),(978,'A217-1',224),(979,'A217-2',224),(980,'A217-3',224),(981,'A217-4',224),(982,'A217-5',224),(983,'A217-6',224),(984,'A218-1',225),(985,'A218-2',225),(986,'A218-3',225),(987,'A218-4',225),(988,'A218-5',225),(989,'A218-6',225),(990,'A219-1',226),(991,'A219-2',226),(992,'A219-3',226),(993,'A219-4',226),(994,'A219-5',226),(995,'A219-6',226),(996,'A220-1',227),(997,'A220-2',227),(998,'A220-3',227),(999,'A220-4',227),(1000,'A220-5',227),(1001,'A220-6',227),(1362,'101-1',288),(1363,'101-2',288),(1364,'101-3',288),(1365,'101-4',288),(1366,'101-5',288),(1367,'101-6',288),(1368,'102-1',289),(1369,'102-2',289),(1370,'102-3',289),(1371,'102-4',289),(1372,'102-5',289),(1373,'102-6',289),(1374,'103-1',290),(1375,'103-2',290),(1376,'103-3',290),(1377,'103-4',290),(1378,'103-5',290),(1379,'103-6',290),(1380,'104-1',291),(1381,'104-2',291),(1382,'104-3',291),(1383,'104-4',291),(1384,'104-5',291),(1385,'104-6',291),(1386,'105-1',292),(1387,'105-2',292),(1388,'105-3',292),(1389,'105-4',292),(1390,'105-5',292),(1391,'105-6',292),(1392,'106-1',293),(1393,'106-2',293),(1394,'106-3',293),(1395,'106-4',293),(1396,'106-5',293),(1397,'106-6',293),(1398,'107-1',294),(1399,'107-2',294),(1400,'107-3',294),(1401,'107-4',294),(1402,'107-5',294),(1403,'107-6',294),(1404,'108-1',295),(1405,'108-2',295),(1406,'108-3',295),(1407,'108-4',295),(1408,'108-5',295),(1409,'108-6',295),(1410,'109-1',296),(1411,'109-2',296),(1412,'109-3',296),(1413,'109-4',296),(1414,'109-5',296),(1415,'109-6',296),(1416,'110-1',297),(1417,'110-2',297),(1418,'110-3',297),(1419,'110-4',297),(1420,'110-5',297),(1421,'110-6',297),(1422,'201-1',298),(1423,'201-2',298),(1424,'201-3',298),(1425,'201-4',298),(1426,'201-5',298),(1427,'201-6',298),(1428,'202-1',299),(1429,'202-2',299),(1430,'202-3',299),(1431,'202-4',299),(1432,'202-5',299),(1433,'202-6',299),(1434,'203-1',300),(1435,'203-2',300),(1436,'203-3',300),(1437,'203-4',300),(1438,'203-5',300),(1439,'203-6',300),(1440,'204-1',301),(1441,'204-2',301),(1442,'204-3',301),(1443,'204-4',301),(1444,'204-5',301),(1445,'204-6',301),(1446,'205-1',302),(1447,'205-2',302),(1448,'205-3',302),(1449,'205-4',302),(1450,'205-5',302),(1451,'205-6',302),(1452,'206-1',303),(1453,'206-2',303),(1454,'206-3',303),(1455,'206-4',303),(1456,'206-5',303),(1457,'206-6',303),(1458,'207-1',304),(1459,'207-2',304),(1460,'207-3',304),(1461,'207-4',304),(1462,'207-5',304),(1463,'207-6',304),(1464,'208-1',305),(1465,'208-2',305),(1466,'208-3',305),(1467,'208-4',305),(1468,'208-5',305),(1469,'208-6',305),(1470,'209-1',306),(1471,'209-2',306),(1472,'209-3',306),(1473,'209-4',306),(1474,'209-5',306),(1475,'209-6',306),(1476,'210-1',307),(1477,'210-2',307),(1478,'210-3',307),(1479,'210-4',307),(1480,'210-5',307),(1481,'210-6',307),(1482,'301-1',308),(1483,'301-2',308),(1484,'301-3',308),(1485,'301-4',308),(1486,'301-5',308),(1487,'301-6',308),(1488,'302-1',309),(1489,'302-2',309),(1490,'302-3',309),(1491,'302-4',309),(1492,'302-5',309),(1493,'302-6',309),(1494,'303-1',310),(1495,'303-2',310),(1496,'303-3',310),(1497,'303-4',310),(1498,'303-5',310),(1499,'303-6',310),(1500,'304-1',311),(1501,'304-2',311),(1502,'304-3',311),(1503,'304-4',311),(1504,'304-5',311),(1505,'304-6',311),(1506,'305-1',312),(1507,'305-2',312),(1508,'305-3',312),(1509,'305-4',312),(1510,'305-5',312),(1511,'305-6',312),(1512,'306-1',313),(1513,'306-2',313),(1514,'306-3',313),(1515,'306-4',313),(1516,'306-5',313),(1517,'306-6',313),(1518,'307-1',314),(1519,'307-2',314),(1520,'307-3',314),(1521,'307-4',314),(1522,'307-5',314),(1523,'307-6',314),(1524,'308-1',315),(1525,'308-2',315),(1526,'308-3',315),(1527,'308-4',315),(1528,'308-5',315),(1529,'308-6',315),(1530,'309-1',316),(1531,'309-2',316),(1532,'309-3',316),(1533,'309-4',316),(1534,'309-5',316),(1535,'309-6',316),(1536,'310-1',317),(1537,'310-2',317),(1538,'310-3',317),(1539,'310-4',317),(1540,'310-5',317),(1541,'310-6',317),(1542,'401-1',318),(1543,'401-2',318),(1544,'401-3',318),(1545,'401-4',318),(1546,'401-5',318),(1547,'401-6',318),(1548,'402-1',319),(1549,'402-2',319),(1550,'402-3',319),(1551,'402-4',319),(1552,'402-5',319),(1553,'402-6',319),(1554,'403-1',320),(1555,'403-2',320),(1556,'403-3',320),(1557,'403-4',320),(1558,'403-5',320),(1559,'403-6',320),(1560,'404-1',321),(1561,'404-2',321),(1562,'404-3',321),(1563,'404-4',321),(1564,'404-5',321),(1565,'404-6',321),(1566,'405-1',322),(1567,'405-2',322),(1568,'405-3',322),(1569,'405-4',322),(1570,'405-5',322),(1571,'405-6',322),(1572,'406-1',323),(1573,'406-2',323),(1574,'406-3',323),(1575,'406-4',323),(1576,'406-5',323),(1577,'406-6',323),(1578,'407-1',324),(1579,'407-2',324),(1580,'407-3',324),(1581,'407-4',324),(1582,'407-5',324),(1583,'407-6',324),(1584,'408-1',325),(1585,'408-2',325),(1586,'408-3',325),(1587,'408-4',325),(1588,'408-5',325),(1589,'408-6',325),(1590,'409-1',326),(1591,'409-2',326),(1592,'409-3',326),(1593,'409-4',326),(1594,'409-5',326),(1595,'409-6',326),(1596,'410-1',327),(1597,'410-2',327),(1598,'410-3',327),(1599,'410-4',327),(1600,'410-5',327),(1601,'410-6',327),(1602,'501-1',328),(1603,'501-2',328),(1604,'501-3',328),(1605,'501-4',328),(1606,'501-5',328),(1607,'501-6',328),(1608,'502-1',329),(1609,'502-2',329),(1610,'502-3',329),(1611,'502-4',329),(1612,'502-5',329),(1613,'502-6',329),(1614,'503-1',330),(1615,'503-2',330),(1616,'503-3',330),(1617,'503-4',330),(1618,'503-5',330),(1619,'503-6',330),(1620,'504-1',331),(1621,'504-2',331),(1622,'504-3',331),(1623,'504-4',331),(1624,'504-5',331),(1625,'504-6',331),(1626,'505-1',332),(1627,'505-2',332),(1628,'505-3',332),(1629,'505-4',332),(1630,'505-5',332),(1631,'505-6',332),(1632,'506-1',333),(1633,'506-2',333),(1634,'506-3',333),(1635,'506-4',333),(1636,'506-5',333),(1637,'506-6',333),(1638,'507-1',334),(1639,'507-2',334),(1640,'507-3',334),(1641,'507-4',334),(1642,'507-5',334),(1643,'507-6',334),(1644,'508-1',335),(1645,'508-2',335),(1646,'508-3',335),(1647,'508-4',335),(1648,'508-5',335),(1649,'508-6',335),(1650,'509-1',336),(1651,'509-2',336),(1652,'509-3',336),(1653,'509-4',336),(1654,'509-5',336),(1655,'509-6',336),(1656,'510-1',337),(1657,'510-2',337),(1658,'510-3',337),(1659,'510-4',337),(1660,'510-5',337),(1661,'510-6',337),(1662,'601-1',338),(1663,'601-2',338),(1664,'601-3',338),(1665,'601-4',338),(1666,'601-5',338),(1667,'601-6',338),(1668,'602-1',339),(1669,'602-2',339),(1670,'602-3',339),(1671,'602-4',339),(1672,'602-5',339),(1673,'602-6',339),(1674,'603-1',340),(1675,'603-2',340),(1676,'603-3',340),(1677,'603-4',340),(1678,'603-5',340),(1679,'603-6',340),(1680,'604-1',341),(1681,'604-2',341),(1682,'604-3',341),(1683,'604-4',341),(1684,'604-5',341),(1685,'604-6',341),(1686,'605-1',342),(1687,'605-2',342),(1688,'605-3',342),(1689,'605-4',342),(1690,'605-5',342),(1691,'605-6',342),(1692,'606-1',343),(1693,'606-2',343),(1694,'606-3',343),(1695,'606-4',343),(1696,'606-5',343),(1697,'606-6',343),(1698,'607-1',344),(1699,'607-2',344),(1700,'607-3',344),(1701,'607-4',344),(1702,'607-5',344),(1703,'607-6',344),(1704,'608-1',345),(1705,'608-2',345),(1706,'608-3',345),(1707,'608-4',345),(1708,'608-5',345),(1709,'608-6',345),(1710,'609-1',346),(1711,'609-2',346),(1712,'609-3',346),(1713,'609-4',346),(1714,'609-5',346),(1715,'609-6',346),(1716,'610-1',347),(1717,'610-2',347),(1718,'610-3',347),(1719,'610-4',347),(1720,'610-5',347),(1721,'610-6',347),(1722,'101-1',348),(1723,'101-2',348),(1724,'101-3',348),(1725,'101-4',348),(1726,'101-5',348),(1727,'101-6',348),(1728,'102-1',349),(1729,'102-2',349),(1730,'102-3',349),(1731,'102-4',349),(1732,'102-5',349),(1733,'102-6',349),(1734,'103-1',350),(1735,'103-2',350),(1736,'103-3',350),(1737,'103-4',350),(1738,'103-5',350),(1739,'103-6',350),(1740,'104-1',351),(1741,'104-2',351),(1742,'104-3',351),(1743,'104-4',351),(1744,'104-5',351),(1745,'104-6',351),(1746,'105-1',352),(1747,'105-2',352),(1748,'105-3',352),(1749,'105-4',352),(1750,'105-5',352),(1751,'105-6',352),(1752,'106-1',353),(1753,'106-2',353),(1754,'106-3',353),(1755,'106-4',353),(1756,'106-5',353),(1757,'106-6',353),(1758,'107-1',354),(1759,'107-2',354),(1760,'107-3',354),(1761,'107-4',354),(1762,'107-5',354),(1763,'107-6',354),(1764,'108-1',355),(1765,'108-2',355),(1766,'108-3',355),(1767,'108-4',355),(1768,'108-5',355),(1769,'108-6',355),(1770,'109-1',356),(1771,'109-2',356),(1772,'109-3',356),(1773,'109-4',356),(1774,'109-5',356),(1775,'109-6',356),(1776,'110-1',357),(1777,'110-2',357),(1778,'110-3',357),(1779,'110-4',357),(1780,'110-5',357),(1781,'110-6',357),(1782,'101-1',358),(1783,'101-2',358),(1784,'101-3',358),(1785,'101-4',358),(1786,'101-5',358),(1787,'101-6',358),(1788,'102-1',359),(1789,'102-2',359),(1790,'102-3',359),(1791,'102-4',359),(1792,'102-5',359),(1793,'102-6',359),(1794,'103-1',360),(1795,'103-2',360),(1796,'103-3',360),(1797,'103-4',360),(1798,'103-5',360),(1799,'103-6',360),(1800,'104-1',361),(1801,'104-2',361),(1802,'104-3',361),(1803,'104-4',361),(1804,'104-5',361),(1805,'104-6',361),(1806,'105-1',362),(1807,'105-2',362),(1808,'105-3',362),(1809,'105-4',362),(1810,'105-5',362),(1811,'105-6',362),(1812,'106-1',363),(1813,'106-2',363),(1814,'106-3',363),(1815,'106-4',363),(1816,'106-5',363),(1817,'106-6',363),(1818,'107-1',364),(1819,'107-2',364),(1820,'107-3',364),(1821,'107-4',364),(1822,'107-5',364),(1823,'107-6',364),(1824,'108-1',365),(1825,'108-2',365),(1826,'108-3',365),(1827,'108-4',365),(1828,'108-5',365),(1829,'108-6',365),(1830,'109-1',366),(1831,'109-2',366),(1832,'109-3',366),(1833,'109-4',366),(1834,'109-5',366),(1835,'109-6',366),(1836,'110-1',367),(1837,'110-2',367),(1838,'110-3',367),(1839,'110-4',367),(1840,'110-5',367),(1841,'110-6',367),(1842,'101-1',368),(1843,'101-2',368),(1844,'101-3',368),(1845,'101-4',368),(1846,'101-5',368),(1847,'101-6',368),(1848,'102-1',369),(1849,'102-2',369),(1850,'102-3',369),(1851,'102-4',369),(1852,'102-5',369),(1853,'102-6',369),(1854,'103-1',370),(1855,'103-2',370),(1856,'103-3',370),(1857,'103-4',370),(1858,'103-5',370),(1859,'103-6',370),(1860,'104-1',371),(1861,'104-2',371),(1862,'104-3',371),(1863,'104-4',371),(1864,'104-5',371),(1865,'104-6',371),(1866,'105-1',372),(1867,'105-2',372),(1868,'105-3',372),(1869,'105-4',372),(1870,'105-5',372),(1871,'105-6',372),(1872,'106-1',373),(1873,'106-2',373),(1874,'106-3',373),(1875,'106-4',373),(1876,'106-5',373),(1877,'106-6',373),(1878,'107-1',374),(1879,'107-2',374),(1880,'107-3',374),(1881,'107-4',374),(1882,'107-5',374),(1883,'107-6',374),(1884,'108-1',375),(1885,'108-2',375),(1886,'108-3',375),(1887,'108-4',375),(1888,'108-5',375),(1889,'108-6',375),(1890,'109-1',376),(1891,'109-2',376),(1892,'109-3',376),(1893,'109-4',376),(1894,'109-5',376),(1895,'109-6',376),(1896,'110-1',377),(1897,'110-2',377),(1898,'110-3',377),(1899,'110-4',377),(1900,'110-5',377),(1901,'110-6',377),(1902,'101-1',378),(1903,'101-2',378),(1904,'101-3',378),(1905,'101-4',378),(1906,'101-5',378),(1907,'101-6',378),(1908,'102-1',379),(1909,'102-2',379),(1910,'102-3',379),(1911,'102-4',379),(1912,'102-5',379),(1913,'102-6',379),(1914,'103-1',380),(1915,'103-2',380),(1916,'103-3',380),(1917,'103-4',380),(1918,'103-5',380),(1919,'103-6',380),(1920,'104-1',381),(1921,'104-2',381),(1922,'104-3',381),(1923,'104-4',381),(1924,'104-5',381),(1925,'104-6',381),(1926,'105-1',382),(1927,'105-2',382),(1928,'105-3',382),(1929,'105-4',382),(1930,'105-5',382),(1931,'105-6',382),(1932,'106-1',383),(1933,'106-2',383),(1934,'106-3',383),(1935,'106-4',383),(1936,'106-5',383),(1937,'106-6',383),(1938,'107-1',384),(1939,'107-2',384),(1940,'107-3',384),(1941,'107-4',384),(1942,'107-5',384),(1943,'107-6',384),(1944,'108-1',385),(1945,'108-2',385),(1946,'108-3',385),(1947,'108-4',385),(1948,'108-5',385),(1949,'108-6',385),(1950,'109-1',386),(1951,'109-2',386),(1952,'109-3',386),(1953,'109-4',386),(1954,'109-5',386),(1955,'109-6',386),(1956,'110-1',387),(1957,'110-2',387),(1958,'110-3',387),(1959,'110-4',387),(1960,'110-5',387),(1961,'110-6',387),(1962,'A201-1',388),(1963,'A201-2',388),(1964,'A201-3',388),(1965,'A201-4',388),(1966,'A201-5',388),(1967,'A201-6',388),(1968,'A202-1',389),(1969,'A202-2',389),(1970,'A202-3',389),(1971,'A202-4',389),(1972,'A202-5',389),(1973,'A202-6',389),(1974,'A203-1',390),(1975,'A203-2',390),(1976,'A203-3',390),(1977,'A203-4',390),(1978,'A203-5',390),(1979,'A203-6',390),(1980,'A204-1',391),(1981,'A204-2',391),(1982,'A204-3',391),(1983,'A204-4',391),(1984,'A204-5',391),(1985,'A204-6',391),(1986,'A205-1',392),(1987,'A205-2',392),(1988,'A205-3',392),(1989,'A205-4',392),(1990,'A205-5',392),(1991,'A205-6',392),(1992,'A206-1',393),(1993,'A206-2',393),(1994,'A206-3',393),(1995,'A206-4',393),(1996,'A206-5',393),(1997,'A206-6',393),(1998,'A207-1',394),(1999,'A207-2',394),(2000,'A207-3',394),(2001,'A207-4',394),(2002,'A207-5',394),(2003,'A207-6',394),(2004,'A208-1',395),(2005,'A208-2',395),(2006,'A208-3',395),(2007,'A208-4',395),(2008,'A208-5',395),(2009,'A208-6',395),(2010,'A209-1',396),(2011,'A209-2',396),(2012,'A209-3',396),(2013,'A209-4',396),(2014,'A209-5',396),(2015,'A209-6',396),(2016,'A210-1',397),(2017,'A210-2',397),(2018,'A210-3',397),(2019,'A210-4',397),(2020,'A210-5',397),(2021,'A210-6',397),(2022,'B211-1',398),(2023,'B211-2',398),(2024,'B211-3',398),(2025,'B211-4',398),(2026,'B211-5',398),(2027,'B211-6',398),(2028,'B212-1',399),(2029,'B212-2',399),(2030,'B212-3',399),(2031,'B212-4',399),(2032,'B212-5',399),(2033,'B212-6',399),(2034,'B213-1',400),(2035,'B213-2',400),(2036,'B213-3',400),(2037,'B213-4',400),(2038,'B213-5',400),(2039,'B213-6',400),(2040,'B214-1',401),(2041,'B214-2',401),(2042,'B214-3',401),(2043,'B214-4',401),(2044,'B214-5',401),(2045,'B214-6',401),(2046,'B215-1',402),(2047,'B215-2',402),(2048,'B215-3',402),(2049,'B215-4',402),(2050,'B215-5',402),(2051,'B215-6',402),(2052,'B216-1',403),(2053,'B216-2',403),(2054,'B216-3',403),(2055,'B216-4',403),(2056,'B216-5',403),(2057,'B216-6',403),(2058,'B217-1',404),(2059,'B217-2',404),(2060,'B217-3',404),(2061,'B217-4',404),(2062,'B217-5',404),(2063,'B217-6',404),(2064,'B218-1',405),(2065,'B218-2',405),(2066,'B218-3',405),(2067,'B218-4',405),(2068,'B218-5',405),(2069,'B218-6',405),(2070,'B219-1',406),(2071,'B219-2',406),(2072,'B219-3',406),(2073,'B219-4',406),(2074,'B219-5',406),(2075,'B219-6',406),(2076,'B220-1',407),(2077,'B220-2',407),(2078,'B220-3',407),(2079,'B220-4',407),(2080,'B220-5',407),(2081,'B220-6',407),(2082,'A101-1',408),(2083,'A101-2',408),(2084,'A101-3',408),(2085,'A101-4',408),(2086,'A101-5',408),(2087,'A101-6',408),(2088,'A102-1',409),(2089,'A102-2',409),(2090,'A102-3',409),(2091,'A102-4',409),(2092,'A102-5',409),(2093,'A102-6',409),(2094,'A103-1',410),(2095,'A103-2',410),(2096,'A103-3',410),(2097,'A103-4',410),(2098,'A103-5',410),(2099,'A103-6',410),(2100,'A104-1',411),(2101,'A104-2',411),(2102,'A104-3',411),(2103,'A104-4',411),(2104,'A104-5',411),(2105,'A104-6',411),(2106,'A105-1',412),(2107,'A105-2',412),(2108,'A105-3',412),(2109,'A105-4',412),(2110,'A105-5',412),(2111,'A105-6',412),(2112,'A106-1',413),(2113,'A106-2',413),(2114,'A106-3',413),(2115,'A106-4',413),(2116,'A106-5',413),(2117,'A106-6',413),(2118,'A107-1',414),(2119,'A107-2',414),(2120,'A107-3',414),(2121,'A107-4',414),(2122,'A107-5',414),(2123,'A107-6',414),(2124,'A108-1',415),(2125,'A108-2',415),(2126,'A108-3',415),(2127,'A108-4',415),(2128,'A108-5',415),(2129,'A108-6',415),(2130,'A109-1',416),(2131,'A109-2',416),(2132,'A109-3',416),(2133,'A109-4',416),(2134,'A109-5',416),(2135,'A109-6',416),(2136,'A110-1',417),(2137,'A110-2',417),(2138,'A110-3',417),(2139,'A110-4',417),(2140,'A110-5',417),(2141,'A110-6',417),(2142,'A601-1',418),(2143,'A601-2',418),(2144,'A601-3',418),(2145,'A601-4',418),(2146,'A601-5',418),(2147,'A601-6',418),(2148,'A602-1',419),(2149,'A602-2',419),(2150,'A602-3',419),(2151,'A602-4',419),(2152,'A602-5',419),(2153,'A602-6',419),(2154,'A603-1',420),(2155,'A603-2',420),(2156,'A603-3',420),(2157,'A603-4',420),(2158,'A603-5',420),(2159,'A603-6',420),(2160,'A604-1',421),(2161,'A604-2',421),(2162,'A604-3',421),(2163,'A604-4',421),(2164,'A604-5',421),(2165,'A604-6',421),(2166,'A605-1',422),(2167,'A605-2',422),(2168,'A605-3',422),(2169,'A605-4',422),(2170,'A605-5',422),(2171,'A605-6',422),(2172,'A606-1',423),(2173,'A606-2',423),(2174,'A606-3',423),(2175,'A606-4',423),(2176,'A606-5',423),(2177,'A606-6',423),(2178,'A607-1',424),(2179,'A607-2',424),(2180,'A607-3',424),(2181,'A607-4',424),(2182,'A607-5',424),(2183,'A607-6',424),(2184,'A608-1',425),(2185,'A608-2',425),(2186,'A608-3',425),(2187,'A608-4',425),(2188,'A608-5',425),(2189,'A608-6',425),(2190,'A609-1',426),(2191,'A609-2',426),(2192,'A609-3',426),(2193,'A609-4',426),(2194,'A609-5',426),(2195,'A609-6',426),(2196,'A610-1',427),(2197,'A610-2',427),(2198,'A610-3',427),(2199,'A610-4',427),(2200,'A610-5',427),(2201,'A610-6',427),(2202,'A501-1',428),(2203,'A501-2',428),(2204,'A501-3',428),(2205,'A501-4',428),(2206,'A501-5',428),(2207,'A501-6',428),(2208,'A502-1',429),(2209,'A502-2',429),(2210,'A502-3',429),(2211,'A502-4',429),(2212,'A502-5',429),(2213,'A502-6',429),(2214,'A503-1',430),(2215,'A503-2',430),(2216,'A503-3',430),(2217,'A503-4',430),(2218,'A503-5',430),(2219,'A503-6',430),(2220,'A504-1',431),(2221,'A504-2',431),(2222,'A504-3',431),(2223,'A504-4',431),(2224,'A504-5',431),(2225,'A504-6',431),(2226,'A505-1',432),(2227,'A505-2',432),(2228,'A505-3',432),(2229,'A505-4',432),(2230,'A505-5',432),(2231,'A505-6',432),(2232,'A506-1',433),(2233,'A506-2',433),(2234,'A506-3',433),(2235,'A506-4',433),(2236,'A506-5',433),(2237,'A506-6',433),(2238,'A507-1',434),(2239,'A507-2',434),(2240,'A507-3',434),(2241,'A507-4',434),(2242,'A507-5',434),(2243,'A507-6',434),(2244,'A508-1',435),(2245,'A508-2',435),(2246,'A508-3',435),(2247,'A508-4',435),(2248,'A508-5',435),(2249,'A508-6',435),(2250,'A509-1',436),(2251,'A509-2',436),(2252,'A509-3',436),(2253,'A509-4',436),(2254,'A509-5',436),(2255,'A509-6',436),(2256,'A510-1',437),(2257,'A510-2',437),(2258,'A510-3',437),(2259,'A510-4',437),(2260,'A510-5',437),(2261,'A510-6',437),(2262,'A401-1',438),(2263,'A401-2',438),(2264,'A401-3',438),(2265,'A401-4',438),(2266,'A401-5',438),(2267,'A401-6',438),(2268,'A402-1',439),(2269,'A402-2',439),(2270,'A402-3',439),(2271,'A402-4',439),(2272,'A402-5',439),(2273,'A402-6',439),(2274,'A403-1',440),(2275,'A403-2',440),(2276,'A403-3',440),(2277,'A403-4',440),(2278,'A403-5',440),(2279,'A403-6',440),(2280,'A404-1',441),(2281,'A404-2',441),(2282,'A404-3',441),(2283,'A404-4',441),(2284,'A404-5',441),(2285,'A404-6',441),(2286,'A405-1',442),(2287,'A405-2',442),(2288,'A405-3',442),(2289,'A405-4',442),(2290,'A405-5',442),(2291,'A405-6',442),(2292,'A406-1',443),(2293,'A406-2',443),(2294,'A406-3',443),(2295,'A406-4',443),(2296,'A406-5',443),(2297,'A406-6',443),(2298,'A407-1',444),(2299,'A407-2',444),(2300,'A407-3',444),(2301,'A407-4',444),(2302,'A407-5',444),(2303,'A407-6',444),(2304,'A408-1',445),(2305,'A408-2',445),(2306,'A408-3',445),(2307,'A408-4',445),(2308,'A408-5',445),(2309,'A408-6',445),(2310,'A409-1',446),(2311,'A409-2',446),(2312,'A409-3',446),(2313,'A409-4',446),(2314,'A409-5',446),(2315,'A409-6',446),(2316,'A410-1',447),(2317,'A410-2',447),(2318,'A410-3',447),(2319,'A410-4',447),(2320,'A410-5',447),(2321,'A410-6',447),(2322,'A301-1',448),(2323,'A301-2',448),(2324,'A301-3',448),(2325,'A301-4',448),(2326,'A301-5',448),(2327,'A301-6',448),(2328,'A302-1',449),(2329,'A302-2',449),(2330,'A302-3',449),(2331,'A302-4',449),(2332,'A302-5',449),(2333,'A302-6',449),(2334,'A303-1',450),(2335,'A303-2',450),(2336,'A303-3',450),(2337,'A303-4',450),(2338,'A303-5',450),(2339,'A303-6',450),(2340,'A304-1',451),(2341,'A304-2',451),(2342,'A304-3',451),(2343,'A304-4',451),(2344,'A304-5',451),(2345,'A304-6',451),(2346,'A305-1',452),(2347,'A305-2',452),(2348,'A305-3',452),(2349,'A305-4',452),(2350,'A305-5',452),(2351,'A305-6',452),(2352,'A306-1',453),(2353,'A306-2',453),(2354,'A306-3',453),(2355,'A306-4',453),(2356,'A306-5',453),(2357,'A306-6',453),(2358,'A307-1',454),(2359,'A307-2',454),(2360,'A307-3',454),(2361,'A307-4',454),(2362,'A307-5',454),(2363,'A307-6',454),(2364,'A308-1',455),(2365,'A308-2',455),(2366,'A308-3',455),(2367,'A308-4',455),(2368,'A308-5',455),(2369,'A308-6',455),(2370,'A309-1',456),(2371,'A309-2',456),(2372,'A309-3',456),(2373,'A309-4',456),(2374,'A309-5',456),(2375,'A309-6',456),(2376,'A310-1',457),(2377,'A310-2',457),(2378,'A310-3',457),(2379,'A310-4',457),(2380,'A310-5',457),(2381,'A310-6',457),(2382,'A201-1',458),(2383,'A201-2',458),(2384,'A201-3',458),(2385,'A201-4',458),(2386,'A201-5',458),(2387,'A201-6',458),(2388,'A202-1',459),(2389,'A202-2',459),(2390,'A202-3',459),(2391,'A202-4',459),(2392,'A202-5',459),(2393,'A202-6',459),(2394,'A203-1',460),(2395,'A203-2',460),(2396,'A203-3',460),(2397,'A203-4',460),(2398,'A203-5',460),(2399,'A203-6',460),(2400,'A204-1',461),(2401,'A204-2',461),(2402,'A204-3',461),(2403,'A204-4',461),(2404,'A204-5',461),(2405,'A204-6',461),(2406,'A205-1',462),(2407,'A205-2',462),(2408,'A205-3',462),(2409,'A205-4',462),(2410,'A205-5',462),(2411,'A205-6',462),(2412,'A206-1',463),(2413,'A206-2',463),(2414,'A206-3',463),(2415,'A206-4',463),(2416,'A206-5',463),(2417,'A206-6',463),(2418,'A207-1',464),(2419,'A207-2',464),(2420,'A207-3',464),(2421,'A207-4',464),(2422,'A207-5',464),(2423,'A207-6',464),(2424,'A208-1',465),(2425,'A208-2',465),(2426,'A208-3',465),(2427,'A208-4',465),(2428,'A208-5',465),(2429,'A208-6',465),(2430,'A209-1',466),(2431,'A209-2',466),(2432,'A209-3',466),(2433,'A209-4',466),(2434,'A209-5',466),(2435,'A209-6',466),(2436,'A210-1',467),(2437,'A210-2',467),(2438,'A210-3',467),(2439,'A210-4',467),(2440,'A210-5',467),(2441,'A210-6',467);

/*Table structure for table `tb_building` */

CREATE TABLE `tb_building` (
  `id` int(11) NOT NULL AUTO_INCREMENT,
  `name` varchar(100) DEFAULT NULL,
  `type` int(11) DEFAULT NULL COMMENT '4/6/8人间',
  `storey_num` int(11) DEFAULT NULL,
  `sex` int(11) DEFAULT NULL,
  `remark` varchar(200) DEFAULT NULL,
  `user_id` int(11) DEFAULT NULL,
  PRIMARY KEY (`id`) USING BTREE
) ENGINE=InnoDB AUTO_INCREMENT=16 DEFAULT CHARSET=utf8 ROW_FORMAT=DYNAMIC COMMENT='楼宇';

/*Data for the table `tb_building` */

insert  into `tb_building`(`id`,`name`,`type`,`storey_num`,`sex`,`remark`,`user_id`) values (9,'1号楼',6,6,1,'',100),(10,'2号楼',6,6,1,'',100),(11,'3号楼',6,6,1,'',100),(12,'4号楼',6,6,1,'',100),(13,'5号楼',6,6,1,'',100),(15,'6号楼',6,6,1,'',100);

/*Table structure for table `tb_dormitory` */

CREATE TABLE `tb_dormitory` (
  `id` int(11) NOT NULL AUTO_INCREMENT,
  `no` varchar(50) DEFAULT NULL,
  `sex` int(11) DEFAULT NULL,
  `type` int(11) DEFAULT NULL,
  `capacity` int(11) DEFAULT NULL,
  `storey_id` int(11) DEFAULT NULL,
  `building_id` int(11) DEFAULT NULL,
  `version` int(11) DEFAULT '0',
  PRIMARY KEY (`id`) USING BTREE
) ENGINE=InnoDB AUTO_INCREMENT=468 DEFAULT CHARSET=utf8 ROW_FORMAT=DYNAMIC;

/*Data for the table `tb_dormitory` */

insert  into `tb_dormitory`(`id`,`no`,`sex`,`type`,`capacity`,`storey_id`,`building_id`,`version`) values (188,'A1',1,4,6,1,5,0),(189,'A2',1,4,6,1,5,0),(190,'A3',1,4,6,1,5,0),(191,'A4',1,4,6,1,5,0),(192,'A5',1,4,6,1,5,0),(193,'A6',1,4,6,1,5,0),(194,'A7',1,4,6,1,5,0),(195,'A8',1,4,6,1,5,0),(196,'A9',1,4,6,1,5,0),(197,'A10',1,4,6,1,5,0),(198,'B1',1,4,6,1,5,0),(199,'B2',1,4,6,1,5,0),(200,'B3',1,4,6,1,5,0),(201,'B4',1,4,6,1,5,0),(202,'B5',1,4,6,1,5,0),(203,'B6',1,4,6,1,5,0),(204,'B7',1,4,6,1,5,0),(205,'B8',1,4,6,1,5,0),(206,'B9',1,4,6,1,5,0),(207,'B10',1,4,6,1,5,0),(208,'A201',1,4,6,2,5,0),(209,'A202',1,4,6,2,5,0),(210,'A203',1,4,6,2,5,0),(211,'A204',1,4,6,2,5,0),(212,'A205',1,4,6,2,5,0),(213,'A206',1,4,6,2,5,0),(214,'A207',1,4,6,2,5,0),(215,'A208',1,4,6,2,5,0),(216,'A209',1,4,6,2,5,0),(217,'A210',1,4,6,2,5,0),(218,'A211',1,4,6,2,5,0),(219,'A212',1,4,6,2,5,0),(220,'A213',1,4,6,2,5,0),(221,'A214',1,4,6,2,5,0),(222,'A215',1,4,6,2,5,0),(223,'A216',1,4,6,2,5,0),(224,'A217',1,4,6,2,5,0),(225,'A218',1,4,6,2,5,0),(226,'A219',1,4,6,2,5,0),(227,'A220',1,4,6,2,5,0),(288,'101',1,6,6,23,10,0),(289,'102',1,6,6,23,10,0),(290,'103',1,6,6,23,10,0),(291,'104',1,6,6,23,10,0),(292,'105',1,6,6,23,10,0),(293,'106',1,6,6,23,10,0),(294,'107',1,6,6,23,10,0),(295,'108',1,6,6,23,10,0),(296,'109',1,6,6,23,10,0),(297,'110',1,6,6,23,10,0),(298,'201',1,6,6,24,10,0),(299,'202',1,6,6,24,10,0),(300,'203',1,6,6,24,10,0),(301,'204',1,6,6,24,10,0),(302,'205',1,6,6,24,10,0),(303,'206',1,6,6,24,10,0),(304,'207',1,6,6,24,10,0),(305,'208',1,6,6,24,10,0),(306,'209',1,6,6,24,10,0),(307,'210',1,6,6,24,10,0),(308,'301',1,6,6,25,10,0),(309,'302',1,6,6,25,10,0),(310,'303',1,6,6,25,10,0),(311,'304',1,6,6,25,10,0),(312,'305',1,6,6,25,10,0),(313,'306',1,6,6,25,10,0),(314,'307',1,6,6,25,10,0),(315,'308',1,6,6,25,10,0),(316,'309',1,6,6,25,10,0),(317,'310',1,6,6,25,10,0),(318,'401',1,6,6,26,10,0),(319,'402',1,6,6,26,10,0),(320,'403',1,6,6,26,10,0),(321,'404',1,6,6,26,10,0),(322,'405',1,6,6,26,10,0),(323,'406',1,6,6,26,10,0),(324,'407',1,6,6,26,10,0),(325,'408',1,6,6,26,10,0),(326,'409',1,6,6,26,10,0),(327,'410',1,6,6,26,10,0),(328,'501',1,6,6,27,10,0),(329,'502',1,6,6,27,10,0),(330,'503',1,6,6,27,10,0),(331,'504',1,6,6,27,10,0),(332,'505',1,6,6,27,10,0),(333,'506',1,6,6,27,10,0),(334,'507',1,6,6,27,10,0),(335,'508',1,6,6,27,10,0),(336,'509',1,6,6,27,10,0),(337,'510',1,6,6,27,10,0),(338,'601',1,6,6,28,10,0),(339,'602',1,6,6,28,10,0),(340,'603',1,6,6,28,10,0),(341,'604',1,6,6,28,10,0),(342,'605',1,6,6,28,10,0),(343,'606',1,6,6,28,10,0),(344,'607',1,6,6,28,10,0),(345,'608',1,6,6,28,10,0),(346,'609',1,6,6,28,10,0),(347,'610',1,6,6,28,10,0),(348,'101',1,6,6,53,15,0),(349,'102',1,6,6,53,15,0),(350,'103',1,6,6,53,15,0),(351,'104',1,6,6,53,15,0),(352,'105',1,6,6,53,15,0),(353,'106',1,6,6,53,15,0),(354,'107',1,6,6,53,15,0),(355,'108',1,6,6,53,15,0),(356,'109',1,6,6,53,15,0),(357,'110',1,6,6,53,15,0),(358,'101',1,6,6,41,13,2),(359,'102',1,6,6,41,13,0),(360,'103',1,6,6,41,13,3),(361,'104',1,6,6,41,13,0),(362,'105',1,6,6,41,13,0),(363,'106',1,6,6,41,13,0),(364,'107',1,6,6,41,13,0),(365,'108',1,6,6,41,13,0),(366,'109',1,6,6,41,13,0),(367,'110',1,6,6,41,13,0),(368,'101',1,6,6,35,12,0),(369,'102',1,6,6,35,12,0),(370,'103',1,6,6,35,12,0),(371,'104',1,6,6,35,12,0),(372,'105',1,6,6,35,12,0),(373,'106',1,6,6,35,12,0),(374,'107',1,6,6,35,12,0),(375,'108',1,6,6,35,12,0),(376,'109',1,6,6,35,12,0),(377,'110',1,6,6,35,12,0),(378,'101',1,6,6,29,11,0),(379,'102',1,6,6,29,11,0),(380,'103',1,6,6,29,11,0),(381,'104',1,6,6,29,11,0),(382,'105',1,6,6,29,11,0),(383,'106',1,6,6,29,11,0),(384,'107',1,6,6,29,11,0),(385,'108',1,6,6,29,11,0),(386,'109',1,6,6,29,11,0),(387,'110',1,6,6,29,11,0),(388,'A201',1,6,6,54,15,0),(389,'A202',1,6,6,54,15,0),(390,'A203',1,6,6,54,15,0),(391,'A204',1,6,6,54,15,0),(392,'A205',1,6,6,54,15,0),(393,'A206',1,6,6,54,15,0),(394,'A207',1,6,6,54,15,0),(395,'A208',1,6,6,54,15,0),(396,'A209',1,6,6,54,15,0),(397,'A210',1,6,6,54,15,0),(398,'B211',1,6,6,54,15,0),(399,'B212',1,6,6,54,15,0),(400,'B213',1,6,6,54,15,0),(401,'B214',1,6,6,54,15,0),(402,'B215',1,6,6,54,15,0),(403,'B216',1,6,6,54,15,0),(404,'B217',1,6,6,54,15,0),(405,'B218',1,6,6,54,15,0),(406,'B219',1,6,6,54,15,0),(407,'B220',1,6,6,54,15,0),(408,'A101',1,6,6,17,9,0),(409,'A102',1,6,6,17,9,0),(410,'A103',1,6,6,17,9,0),(411,'A104',1,6,6,17,9,0),(412,'A105',1,6,6,17,9,0),(413,'A106',1,6,6,17,9,0),(414,'A107',1,6,6,17,9,0),(415,'A108',1,6,6,17,9,0),(416,'A109',1,6,6,17,9,0),(417,'A110',1,6,6,17,9,0),(418,'A601',1,6,6,22,9,0),(419,'A602',1,6,6,22,9,0),(420,'A603',1,6,6,22,9,0),(421,'A604',1,6,6,22,9,0),(422,'A605',1,6,6,22,9,0),(423,'A606',1,6,6,22,9,0),(424,'A607',1,6,6,22,9,0),(425,'A608',1,6,6,22,9,0),(426,'A609',1,6,6,22,9,0),(427,'A610',1,6,6,22,9,0),(428,'A501',1,6,6,21,9,0),(429,'A502',1,6,6,21,9,0),(430,'A503',1,6,6,21,9,0),(431,'A504',1,6,6,21,9,0),(432,'A505',1,6,6,21,9,0),(433,'A506',1,6,6,21,9,0),(434,'A507',1,6,6,21,9,0),(435,'A508',1,6,6,21,9,0),(436,'A509',1,6,6,21,9,0),(437,'A510',1,6,6,21,9,0),(438,'A401',1,6,6,20,9,0),(439,'A402',1,6,6,20,9,0),(440,'A403',1,6,6,20,9,0),(441,'A404',1,6,6,20,9,0),(442,'A405',1,6,6,20,9,0),(443,'A406',1,6,6,20,9,0),(444,'A407',1,6,6,20,9,0),(445,'A408',1,6,6,20,9,0),(446,'A409',1,6,6,20,9,0),(447,'A410',1,6,6,20,9,0),(448,'A301',1,6,6,19,9,0),(449,'A302',1,6,6,19,9,0),(450,'A303',1,6,6,19,9,0),(451,'A304',1,6,6,19,9,0),(452,'A305',1,6,6,19,9,0),(453,'A306',1,6,6,19,9,0),(454,'A307',1,6,6,19,9,0),(455,'A308',1,6,6,19,9,0),(456,'A309',1,6,6,19,9,0),(457,'A310',1,6,6,19,9,0),(458,'A201',1,6,6,18,9,0),(459,'A202',1,6,6,18,9,0),(460,'A203',1,6,6,18,9,0),(461,'A204',1,6,6,18,9,0),(462,'A205',1,6,6,18,9,0),(463,'A206',1,6,6,18,9,0),(464,'A207',1,6,6,18,9,0),(465,'A208',1,6,6,18,9,0),(466,'A209',1,6,6,18,9,0),(467,'A210',1,6,6,18,9,0);

/*Table structure for table `tb_dormitory_set` */

CREATE TABLE `tb_dormitory_set` (
  `id` int(11) NOT NULL AUTO_INCREMENT,
  `prefix` varchar(50) DEFAULT NULL,
  `start` int(11) DEFAULT NULL,
  `end` int(11) DEFAULT NULL,
  `building_id` int(11) DEFAULT NULL,
  `storey_id` int(11) DEFAULT NULL,
  `capacity` int(11) DEFAULT NULL,
  PRIMARY KEY (`id`) USING BTREE
) ENGINE=InnoDB AUTO_INCREMENT=37 DEFAULT CHARSET=utf8 ROW_FORMAT=DYNAMIC;

/*Data for the table `tb_dormitory_set` */

insert  into `tb_dormitory_set`(`id`,`prefix`,`start`,`end`,`building_id`,`storey_id`,`capacity`) values (15,'A',1,10,5,1,6),(16,'B',1,10,5,1,6),(17,'A',201,220,5,2,6),(18,'A',101,110,9,17,6),(19,'A',201,210,9,18,6),(20,'A',301,310,9,19,6),(21,'A',401,410,9,20,6),(22,'A',501,510,9,21,6),(23,'A',601,610,9,22,6),(24,'',101,110,10,23,6),(25,'',201,210,10,24,6),(26,'',301,310,10,25,6),(27,'',401,410,10,26,6),(28,'',501,510,10,27,6),(29,'',601,610,10,28,6),(30,'',101,110,11,29,6),(31,'',201,210,11,30,6),(32,'',101,110,12,35,6),(33,'',101,110,13,41,6),(34,'',101,110,15,53,6),(35,'A',201,210,15,54,6),(36,'B',211,220,15,54,6);

/*Table structure for table `tb_dormitory_student` */

CREATE TABLE `tb_dormitory_student` (
  `id` int(11) NOT NULL AUTO_INCREMENT,
  `dormitory_id` int(11) DEFAULT NULL,
  `bed_id` int(11) DEFAULT NULL,
  `student_id` int(11) DEFAULT NULL,
  `checkin` datetime DEFAULT NULL,
  `status` int(11) DEFAULT NULL COMMENT '0待入住/1已入住',
  PRIMARY KEY (`id`) USING BTREE
) ENGINE=InnoDB AUTO_INCREMENT=138 DEFAULT CHARSET=utf8 ROW_FORMAT=DYNAMIC;

/*Data for the table `tb_dormitory_student` */

insert  into `tb_dormitory_student`(`id`,`dormitory_id`,`bed_id`,`student_id`,`checkin`,`status`) values (29,188,764,1,'2020-12-03 21:06:09',1),(41,349,1729,16,'2020-12-05 14:34:47',1),(42,349,1730,19,'2020-12-05 14:35:03',1),(43,353,1754,20,'2020-12-05 14:35:25',1),(44,313,1512,28,'2020-12-05 14:35:41',1),(45,313,1513,26,'2020-12-05 14:35:59',1),(46,314,1518,25,'2020-12-05 14:36:16',1),(47,378,1902,30,'2020-12-05 14:36:31',1),(48,378,1903,31,'2020-12-05 14:36:44',1),(49,378,1904,32,'2020-12-05 14:36:58',1),(50,368,1843,33,'2020-12-05 14:37:19',1),(51,368,1844,34,'2020-12-05 14:37:32',1),(52,360,1794,35,'2020-12-05 14:37:45',1),(53,360,1795,36,'2020-12-05 14:37:58',1),(105,361,1800,37,'2021-04-12 14:38:48',1),(109,313,1517,24,'2021-04-12 14:42:32',1),(110,358,1782,3,'2021-04-12 14:44:49',1),(116,358,1784,5,'2021-04-12 14:45:53',1),(117,358,1785,6,'2021-04-12 14:46:10',1),(118,358,1786,7,'2021-04-12 14:46:27',1),(119,358,1787,8,'2021-04-12 14:46:43',1),(120,359,1788,9,'2021-04-12 14:47:03',1),(123,359,1789,10,'2021-04-12 14:48:44',1),(124,359,1790,11,'2021-04-12 14:48:59',1),(125,359,1791,12,'2021-04-12 14:49:23',1),(126,359,1792,13,'2021-04-12 14:49:42',1),(127,359,1793,14,'2021-04-12 14:50:01',1),(130,348,1722,15,'2021-04-12 14:50:32',1),(136,358,1783,4,'2021-04-13 14:52:11',1),(137,360,1796,38,'2021-04-13 15:06:12',1);

/*Table structure for table `tb_grade` */

CREATE TABLE `tb_grade` (
  `id` int(11) NOT NULL AUTO_INCREMENT,
  `name` varchar(100) DEFAULT NULL,
  PRIMARY KEY (`id`) USING BTREE
) ENGINE=InnoDB AUTO_INCREMENT=7 DEFAULT CHARSET=utf8 ROW_FORMAT=DYNAMIC;

/*Data for the table `tb_grade` */

insert  into `tb_grade`(`id`,`name`) values (2,'2020'),(5,'2021'),(6,'2022');

/*Table structure for table `tb_menu` */

CREATE TABLE `tb_menu` (
  `id` int(11) NOT NULL AUTO_INCREMENT,
  `title` varchar(50) DEFAULT NULL,
  `icon` varchar(50) DEFAULT NULL,
  `href` varchar(100) DEFAULT NULL,
  `target` varchar(50) DEFAULT NULL,
  `parent_id` int(11) DEFAULT NULL,
  `type` int(255) DEFAULT NULL COMMENT '0:管理员/宿管员;1:学生',
  PRIMARY KEY (`id`) USING BTREE
) ENGINE=InnoDB AUTO_INCREMENT=25 DEFAULT CHARSET=utf8 ROW_FORMAT=DYNAMIC;

/*Data for the table `tb_menu` */

insert  into `tb_menu`(`id`,`title`,`icon`,`href`,`target`,`parent_id`,`type`) values (1,'基础资料','fa fa-cog',NULL,NULL,0,0),(2,'用户管理','fa fa-caret-right','user/list.html',NULL,1,0),(3,'年级管理','fa fa-caret-right','grade/list.html',NULL,1,0),(4,'机构管理','fa fa-caret-right','org/list.html',NULL,1,0),(5,'学生管理','fa fa-caret-right','student/list.html',NULL,1,0),(6,'公告管理','fa fa-caret-right','notice/list.html',NULL,18,0),(7,'宿舍管理','fa fa-home',NULL,NULL,0,0),(8,'楼宇管理','fa fa-caret-right','building/list.html',NULL,7,0),(9,'宿舍编号设置','fa fa-caret-right','dormitoryset/list.html',NULL,7,0),(10,'宿舍管理','fa fa-caret-right','dormitory/list.html',NULL,7,0),(11,'宿舍预选设置','fa fa-caret-right','selection/list.html',NULL,7,0),(12,'缺勤管理','fa fa-telegram','',NULL,0,0),(13,'缺勤记录','fa fa-caret-right','absence/list.html',NULL,12,0),(14,'报修管理','fa fa-wrench',NULL,NULL,0,0),(15,'保修查询','fa fa-caret-right','repair/list.html',NULL,14,0),(16,'来访管理','fa fa-truck',NULL,NULL,0,0),(17,'人员登记','fa fa-caret-right','visit/list.html',NULL,16,0),(18,'公告管理','fa fa-bell','',NULL,0,0),(19,'个人详情','fa fa-bandcamp','stu/info.html',NULL,0,1),(20,'在线选宿舍','fa fa-id-card-o','stu/select.html',NULL,0,1),(22,'缺勤记录','fa fa-vcard','stu/absence.html',NULL,0,1),(23,'报修申请','fa fa-cog','stu/repair.html',NULL,0,1),(24,'公告查看','fa fa-bell','stu/notice.html',NULL,0,1);

/*Table structure for table `tb_notice` */

CREATE TABLE `tb_notice` (
  `id` int(11) NOT NULL AUTO_INCREMENT,
  `title` varchar(200) DEFAULT NULL,
  `content` text,
  `create_time` datetime DEFAULT NULL,
  `user_id` int(11) DEFAULT NULL,
  `filepath` varchar(200) DEFAULT NULL,
  PRIMARY KEY (`id`) USING BTREE
) ENGINE=InnoDB AUTO_INCREMENT=6 DEFAULT CHARSET=utf8 ROW_FORMAT=DYNAMIC;

/*Data for the table `tb_notice` */

insert  into `tb_notice`(`id`,`title`,`content`,`create_time`,`user_id`,`filepath`) values (1,'特朗普在佐治亚州提起诉讼','周五(12月4日)，代表特朗普和承诺支持总统的总统选举人戴维·谢弗(David Shafer)在佐治亚州提起诉讼。佐治亚州国务卿布拉德·拉芬斯珀格(Brad Raffensperger)和多名地方选举官员被起诉。\n\n该起诉要求法院阻止对选举结果进行认证，并下令举行新的总统选举。\n\n以下是诉讼的主要内容：\n\n选举法规定，希望通过缺席选票投票的人可以在选举前“不超过180天”申请邮寄选票。但是选举官员允许至少305701人非法投票，这些人在选举前180多天申请缺席投票，然后不正确地计算了非法选票。\n\n官员允许至少92人投票，根据州记录，这些人的缺席选票在他们要求缺席投票之前已被退回和接受。\n\n官员们在法律允许的最早日期之前向个人邮寄了至少2664张缺席选票。','2020-12-05 14:39:03',1,NULL),(2,'苹果承认部分iPhone 11存在显示屏触摸问题','新浪数码讯 12月5日消息，苹果在官网公告中推出适用于触控问题的 iPhone 11 显示屏模块更换计划。\n\n苹果表示部分在 2019 年 11 月至 2020 年 5 月之间制造的设备会出现停止响应触摸的问题，如果用户设备符合条件则苹果可为其免费维修。','2020-12-05 14:39:31',1,NULL),(3,'国家卫健委发布入学新政','昨天，国家卫健委发布《中国学校结核病防控指南》，明确各级各类学校应在新生入学体检和教职员工常规体检中开展结核病相关检查，并将结果纳入学生和教职员工的健康档案。\n\n近年来，我国结核病疫情呈下降趋势，但由于人口基数大，我国仍是全球结核病高负担国家。健康体检是早期主动发现肺结核患者的重要手段。','2020-12-05 14:40:03',1,NULL),(4,'北京中医医院启用掌上诊疗小程序','患者使用手机微信就能在线享受视频问诊，还可通过人脸识别绑定本人就诊卡，实时查询病历和检验报告等。北京中医医院的掌上诊疗小程序现已正式在该院微信公众号上线使用啦！这标志着该院服务模式已由实体医院就医诊疗进入全面互联网线上医疗服务时代。','2020-12-05 14:40:22',1,NULL),(5,'为降低圣诞期间感染风险','圣诞假期临近，欧洲家庭少不了团圆聚会。然而，新冠疫情仍在持续扩散，人群聚集将再一次增加感染风险。为了避免引发新一波疫情高峰，意大利呼吁圣诞期间关闭所有滑雪场，德国学校让学生提前放假。为了民众过个安全的圣诞节，可真是操碎了心。','2020-12-05 14:40:59',1,NULL);

/*Table structure for table `tb_notice_receive` */

CREATE TABLE `tb_notice_receive` (
  `id` int(11) NOT NULL AUTO_INCREMENT,
  `notice_id` int(11) DEFAULT NULL,
  `building_id` int(11) DEFAULT NULL,
  PRIMARY KEY (`id`) USING BTREE
) ENGINE=InnoDB AUTO_INCREMENT=31 DEFAULT CHARSET=utf8 ROW_FORMAT=DYNAMIC;

/*Data for the table `tb_notice_receive` */

insert  into `tb_notice_receive`(`id`,`notice_id`,`building_id`) values (1,1,9),(2,1,10),(3,1,11),(4,1,12),(5,1,13),(6,1,15),(7,2,9),(8,2,10),(9,2,11),(10,2,12),(11,2,13),(12,2,15),(13,3,9),(14,3,10),(15,3,11),(16,3,12),(17,3,13),(18,3,15),(19,4,9),(20,4,10),(21,4,11),(22,4,12),(23,4,13),(24,4,15),(25,5,9),(26,5,10),(27,5,11),(28,5,12),(29,5,13),(30,5,15);

/*Table structure for table `tb_org` */

CREATE TABLE `tb_org` (
  `id` int(11) NOT NULL AUTO_INCREMENT,
  `name` varchar(100) DEFAULT NULL,
  `type` int(11) DEFAULT NULL COMMENT '1学院/2系/3专业/4班级',
  `grade_id` int(11) DEFAULT NULL,
  `parent_id` int(11) DEFAULT NULL,
  `remark` varchar(200) DEFAULT NULL,
  PRIMARY KEY (`id`) USING BTREE
) ENGINE=InnoDB AUTO_INCREMENT=34 DEFAULT CHARSET=utf8 ROW_FORMAT=DYNAMIC;

/*Data for the table `tb_org` */

insert  into `tb_org`(`id`,`name`,`type`,`grade_id`,`parent_id`,`remark`) values (19,'电子信息学院',1,2,0,'一级'),(21,'软件工程',3,2,19,''),(22,'软件1班',4,2,21,'软件1班'),(23,'软件2班',4,2,21,'软件2班'),(24,'网络工程',3,2,19,''),(25,'网络1班',4,2,24,''),(26,'网络2班',4,2,24,''),(27,'工商管理',1,2,0,''),(28,'电子商务',3,2,27,''),(29,'电商1班',4,2,28,''),(30,'电商2班',4,2,28,''),(31,'计科系',2,2,19,''),(32,'计算机科学',3,2,31,''),(33,'计科1班',4,2,32,'');

/*Table structure for table `tb_record` */

CREATE TABLE `tb_record` (
  `id` int(11) NOT NULL AUTO_INCREMENT,
  `student_id` int(11) DEFAULT NULL,
  `dormitory_id` int(11) DEFAULT NULL,
  `bed_id` int(11) DEFAULT NULL,
  `status` int(11) DEFAULT NULL COMMENT '1入住/2退宿',
  `create_date` datetime DEFAULT NULL,
  PRIMARY KEY (`id`) USING BTREE
) ENGINE=InnoDB DEFAULT CHARSET=utf8 ROW_FORMAT=DYNAMIC;

/*Data for the table `tb_record` */

/*Table structure for table `tb_repair` */

CREATE TABLE `tb_repair` (
  `id` int(11) NOT NULL AUTO_INCREMENT,
  `student_id` int(11) DEFAULT NULL,
  `dormitory_id` int(11) DEFAULT NULL,
  `building_id` int(11) DEFAULT NULL,
  `description` varchar(500) DEFAULT NULL,
  `create_date` datetime DEFAULT NULL,
  `status` int(11) DEFAULT NULL COMMENT '0待解决/1已解决',
  PRIMARY KEY (`id`) USING BTREE
) ENGINE=InnoDB AUTO_INCREMENT=3 DEFAULT CHARSET=utf8 ROW_FORMAT=DYNAMIC;

/*Data for the table `tb_repair` */

insert  into `tb_repair`(`id`,`student_id`,`dormitory_id`,`building_id`,`description`,`create_date`,`status`) values (1,4,358,13,'sdafdsf','2021-04-12 14:36:51',1),(2,37,358,13,'bu','2021-04-12 14:38:03',0);

/*Table structure for table `tb_selection` */

CREATE TABLE `tb_selection` (
  `id` int(11) NOT NULL AUTO_INCREMENT,
  `name` varchar(100) DEFAULT NULL,
  `start_time` date DEFAULT NULL,
  `end_time` date DEFAULT NULL,
  `remark` varchar(100) DEFAULT NULL,
  PRIMARY KEY (`id`) USING BTREE
) ENGINE=InnoDB AUTO_INCREMENT=9 DEFAULT CHARSET=utf8 ROW_FORMAT=DYNAMIC;

/*Data for the table `tb_selection` */

insert  into `tb_selection`(`id`,`name`,`start_time`,`end_time`,`remark`) values (8,'王亚辉','2021-03-31','2021-04-29','');

/*Table structure for table `tb_selection_dormitory` */

CREATE TABLE `tb_selection_dormitory` (
  `id` int(11) NOT NULL AUTO_INCREMENT,
  `dormitory_id` int(11) DEFAULT NULL,
  `clazz_id` int(11) DEFAULT NULL,
  PRIMARY KEY (`id`) USING BTREE
) ENGINE=InnoDB AUTO_INCREMENT=96 DEFAULT CHARSET=utf8 ROW_FORMAT=DYNAMIC;

/*Data for the table `tb_selection_dormitory` */

insert  into `tb_selection_dormitory`(`id`,`dormitory_id`,`clazz_id`) values (12,198,7),(13,207,7),(14,216,13),(15,225,13),(16,188,6),(17,195,6),(18,197,6),(41,313,25),(42,314,25),(43,315,25),(49,378,26),(50,383,26),(51,368,29),(52,369,29),(53,360,30),(54,365,30),(55,348,23),(56,349,23),(57,353,23),(58,354,23),(87,358,22),(88,359,22),(89,360,22),(90,361,22),(91,362,22),(92,363,22),(93,364,22),(94,365,22),(95,367,22);

/*Table structure for table `tb_selection_joiner` */

CREATE TABLE `tb_selection_joiner` (
  `id` int(11) NOT NULL AUTO_INCREMENT,
  `selection_id` int(11) DEFAULT NULL,
  `clazz_id` int(11) DEFAULT NULL,
  PRIMARY KEY (`id`) USING BTREE
) ENGINE=InnoDB AUTO_INCREMENT=49 DEFAULT CHARSET=utf8 ROW_FORMAT=DYNAMIC;

/*Data for the table `tb_selection_joiner` */

insert  into `tb_selection_joiner`(`id`,`selection_id`,`clazz_id`) values (1,3,6),(2,3,7),(3,3,13),(4,3,9),(5,3,10),(6,4,6),(7,4,7),(8,4,13),(13,5,13),(14,5,11),(15,5,12),(16,6,22),(17,6,23),(36,8,22),(37,8,23),(38,8,25),(39,8,26),(40,8,33),(41,8,29),(42,8,30),(43,7,22),(44,7,23),(45,7,25),(46,7,26),(47,7,29),(48,7,30);

/*Table structure for table `tb_storey` */

CREATE TABLE `tb_storey` (
  `id` int(11) NOT NULL AUTO_INCREMENT,
  `name` varchar(100) DEFAULT NULL,
  `building_id` int(11) DEFAULT NULL,
  `remark` varchar(200) DEFAULT NULL,
  PRIMARY KEY (`id`) USING BTREE
) ENGINE=InnoDB AUTO_INCREMENT=59 DEFAULT CHARSET=utf8 ROW_FORMAT=DYNAMIC;

/*Data for the table `tb_storey` */

insert  into `tb_storey`(`id`,`name`,`building_id`,`remark`) values (1,'1层',5,NULL),(2,'2层',5,NULL),(3,'3层',5,NULL),(4,'4层',5,NULL),(5,'5层',5,NULL),(6,'6层',5,NULL),(7,'1层',6,NULL),(8,'2层',6,NULL),(9,'3层',6,NULL),(10,'4层',6,NULL),(11,'5层',6,NULL),(12,'6层',6,NULL),(13,'1层',7,NULL),(14,'2层',7,NULL),(15,'3层',7,NULL),(16,'4层',7,NULL),(17,'1层',9,NULL),(18,'2层',9,NULL),(19,'3层',9,NULL),(20,'4层',9,NULL),(21,'5层',9,NULL),(22,'6层',9,NULL),(23,'1层',10,NULL),(24,'2层',10,NULL),(25,'3层',10,NULL),(26,'4层',10,NULL),(27,'5层',10,NULL),(28,'6层',10,NULL),(29,'1层',11,NULL),(30,'2层',11,NULL),(31,'3层',11,NULL),(32,'4层',11,NULL),(33,'5层',11,NULL),(34,'6层',11,NULL),(35,'1层',12,NULL),(36,'2层',12,NULL),(37,'3层',12,NULL),(38,'4层',12,NULL),(39,'5层',12,NULL),(40,'6层',12,NULL),(41,'1层',13,NULL),(42,'2层',13,NULL),(43,'3层',13,NULL),(44,'4层',13,NULL),(45,'5层',13,NULL),(46,'6层',13,NULL),(47,'1层',14,NULL),(48,'2层',14,NULL),(49,'3层',14,NULL),(50,'4层',14,NULL),(51,'5层',14,NULL),(52,'6层',14,NULL),(53,'1层',15,NULL),(54,'2层',15,NULL),(55,'3层',15,NULL),(56,'4层',15,NULL),(57,'5层',15,NULL),(58,'6层',15,NULL);

/*Table structure for table `tb_student` */

CREATE TABLE `tb_student` (
  `id` int(11) NOT NULL AUTO_INCREMENT,
  `stu_no` varchar(50) DEFAULT NULL,
  `name` varchar(50) DEFAULT NULL,
  `idcard` varchar(50) DEFAULT NULL,
  `grade_id` int(11) DEFAULT NULL,
  `sex` int(11) DEFAULT NULL,
  `phone` varchar(50) DEFAULT NULL,
  `password` varchar(50) DEFAULT NULL,
  `clazz_id` int(11) DEFAULT NULL,
  PRIMARY KEY (`id`) USING BTREE
) ENGINE=InnoDB AUTO_INCREMENT=39 DEFAULT CHARSET=utf8 ROW_FORMAT=DYNAMIC;

/*Data for the table `tb_student` */

insert  into `tb_student`(`id`,`stu_no`,`name`,`idcard`,`grade_id`,`sex`,`phone`,`password`,`clazz_id`) values (3,'2020001','张鲸念','11111111111111111',2,1,'11','123456',22),(4,'2020002','张彬华','11111111111111111',2,1,'18500000000','123456',22),(5,'2020003','张瑞政','11111111111111111',2,1,'17683990172','123456',22),(6,'2020004','张京楚','11111111111111111',2,1,'18500000000','123456',22),(7,'2020005','陈发语','11111111111111111',2,1,'18500000000','123456',22),(8,'2020006','陈泊依','11111111111111111',2,1,'18500000000','123456',22),(9,'2020007','陈泊夕','11111111111111111',2,1,'18500000000','123456',22),(10,'2020008','陈阿伯','11111111111111111',2,0,'18500000000','123456',22),(11,'2020009','陈贻范','11111111111111111',2,0,'18500000000','123456',22),(12,'2020010','陈诚任','11111111111111111',2,0,'18500000000','123456',22),(13,'2020011','陈逢衡','11111111111111111',2,0,'18500000000','123456',22),(14,'2020012','陈荒煤','11111111111111111',2,0,'18500000000','123456',22),(15,'2020013','赵无极','11111111111111111',2,1,'18500000000','123456',23),(16,'2020031','龙翔桥','11111111111111111',2,1,'18500000000','123456',23),(17,'2020032','谨慎和','11111111111111111',2,1,'18500000000','123456',23),(18,'2020033','马洪波','11111111111111111',2,1,'18500000000','123456',23),(19,'2020034','周一出','11111111111111111',2,1,'18500000000','123456',23),(20,'2020035','璐生日','11111111111111111',2,0,'18500000000','123456',23),(21,'2020036','刘教授','11111111111111111',2,0,'18500000000','123456',23),(22,'2020037','孟德胜','11111111111111111',2,0,'18500000000','123456',23),(23,'2020038','全日食','11111111111111111',2,1,'18500000000','123456',23),(24,'2020050','马飞','11111111111111111',2,1,'17683990172','123456',25),(25,'2020051','码云','11111111111111111',2,1,'17683990172','123456',25),(26,'2020052','腾飞','11111111111111111',2,1,'17683990172','123456',25),(27,'2020053','中山村','11111111111111111',2,1,'17683990172','123456',25),(28,'2020054','服务事','11111111111111111',2,1,'17683990172','123456',25),(29,'2020060','金杂草','11111111111111111',2,1,'17683990172','123456',26),(30,'2020061','时分秒','11111111111111111',2,1,'17683990172','123456',26),(31,'2020062','周比利','11111111111111111',2,1,'17683990172','123456',26),(32,'2020063','李连杰','11111111111111111',2,1,'17683990172','123456',26),(33,'2020080','峰正式','11111111111111111',2,1,'18537106822','123456',29),(34,'20202081','李志忠','11111111111111111',2,1,'17683990172','123456',29),(35,'2020100','孙畅','11111111111111111',2,1,'17683990172','123456',30),(36,'2020101','隋子豪','11111111111111111',2,1,'18500000000','123456',30),(37,'111111111','王亚辉','11111111111111111',2,0,'12345678911','123456',22),(38,'33333','gefei','11111111111111111',6,0,'18500000000','123456',30);

/*Table structure for table `tb_user` */

CREATE TABLE `tb_user` (
  `id` int(11) NOT NULL AUTO_INCREMENT,
  `user_name` varchar(100) DEFAULT NULL,
  `password` varchar(100) DEFAULT NULL,
  `name` varchar(100) DEFAULT NULL,
  `phone` varchar(100) DEFAULT NULL,
  `type` int(11) DEFAULT NULL COMMENT '0管理员/1宿管员',
  `remark` varchar(200) DEFAULT NULL,
  PRIMARY KEY (`id`) USING BTREE
) ENGINE=InnoDB AUTO_INCREMENT=118 DEFAULT CHARSET=utf8 ROW_FORMAT=DYNAMIC;

/*Data for the table `tb_user` */

insert  into `tb_user`(`id`,`user_name`,`password`,`name`,`phone`,`type`,`remark`) values (1,'admin','123456','管理员','18811111111',0,NULL),(100,'lisiddxxx','123456','李四xsx','18500000000',1,''),(116,'xxx','123456','xx','18533333333',0,''),(117,'cc','123456','cc','18533333333',0,'');

/*Table structure for table `tb_user_menu` */

CREATE TABLE `tb_user_menu` (
  `user_id` int(11) NOT NULL,
  `menu_id` int(11) NOT NULL,
  PRIMARY KEY (`user_id`,`menu_id`) USING BTREE
) ENGINE=InnoDB DEFAULT CHARSET=utf8 ROW_FORMAT=DYNAMIC;

/*Data for the table `tb_user_menu` */

insert  into `tb_user_menu`(`user_id`,`menu_id`) values (1,1),(1,2),(1,3),(1,4),(1,5),(1,6),(1,7),(1,8),(1,9),(1,10),(1,11),(1,12),(1,13),(1,14),(1,15),(1,16),(1,17),(1,18),(100,1),(100,2),(100,3),(100,4),(100,12),(100,13),(100,14),(100,15),(116,1),(116,2),(116,3),(116,4),(116,5),(117,7),(117,8),(117,10),(117,11);

/*Table structure for table `tb_visit` */

CREATE TABLE `tb_visit` (
  `id` int(11) NOT NULL AUTO_INCREMENT,
  `visitor` varchar(100) DEFAULT NULL,
  `phone` varchar(100) DEFAULT NULL,
  `sex` int(11) DEFAULT NULL,
  `idcard` varchar(100) DEFAULT NULL,
  `student_id` int(11) DEFAULT NULL,
  `visit_time` datetime DEFAULT NULL,
  `leave_time` datetime DEFAULT NULL,
  `remark` varchar(200) DEFAULT NULL,
  PRIMARY KEY (`id`) USING BTREE
) ENGINE=InnoDB AUTO_INCREMENT=2 DEFAULT CHARSET=utf8 ROW_FORMAT=DYNAMIC;

/*Data for the table `tb_visit` */

insert  into `tb_visit`(`id`,`visitor`,`phone`,`sex`,`idcard`,`student_id`,`visit_time`,`leave_time`,`remark`) values (1,'er','345345325',1,'353534523525253',7,'2021-04-05 16:00:00','2021-04-13 16:00:00','235235');

/*!40101 SET SQL_MODE=@OLD_SQL_MODE */;
/*!40014 SET FOREIGN_KEY_CHECKS=@OLD_FOREIGN_KEY_CHECKS */;
/*!40014 SET UNIQUE_CHECKS=@OLD_UNIQUE_CHECKS */;
/*!40111 SET SQL_NOTES=@OLD_SQL_NOTES */;
